--------------------------------------------------------
-- Archivo creado  - martes-noviembre-02-2021   
--------------------------------------------------------
DROP TABLE "CLIENT" cascade constraints;
DROP TABLE "DEPARTAMENT" cascade constraints;
DROP TABLE "EMPLEAT" cascade constraints;
DROP TABLE "EMPLEAT_PROJECTE" cascade constraints;
DROP TABLE "FACTURA" cascade constraints;
DROP TABLE "LINIA_FACTURA" cascade constraints;
DROP TABLE "PRODUCTE" cascade constraints;
DROP TABLE "PROJECTE" cascade constraints;
DROP TABLE "CATEGORIA_SALARIAL" cascade constraints;
--------------------------------------------------------
--  DDL for Table CLIENT
--------------------------------------------------------

  CREATE TABLE "CLIENT" 
   (	"CLIENT_ID" NUMBER(4,0) GENERATED ALWAYS AS IDENTITY, 
	"CLIENT_NIF" VARCHAR2(10), 
	"NOM" VARCHAR2(25), 
	"DIRECCIO" VARCHAR2(25), 
	"LOCALITAT" VARCHAR2(20), 
	"PROVINCIA" VARCHAR2(14), 
	"CODI_POSTAL" VARCHAR2(5), 
	"TELEFON" VARCHAR2(9), 
	"DEBE" NUMBER(9,0), 
	"HABER" NUMBER(9,0), 
	"LIMIT_CREDIT" NUMBER(9,0), 
	"VENEDOR_ID" NUMBER(4,0)
   ) ;
--------------------------------------------------------
--  DDL for Table DEPARTAMENT
--------------------------------------------------------

  CREATE TABLE "DEPARTAMENT" 
   (	"DEPARTAMENT_ID" NUMBER(2,0)  GENERATED ALWAYS AS IDENTITY, 
	"NOM" VARCHAR2(14), 
	"LOCALITAT" VARCHAR2(14), 
	"NUM_EMPLEATS" NUMBER(4,0) DEFAULT 0
   ) ;
--------------------------------------------------------
--  DDL for Table EMPLEAT
--------------------------------------------------------

  CREATE TABLE "EMPLEAT" 
   (	"EMPLEAT_ID" NUMBER(4,0)  GENERATED ALWAYS AS IDENTITY, 
	"NOM" VARCHAR2(30), 
	"COGNOM1" VARCHAR2(30), 
	"COGNOM2" VARCHAR2(30),
    "DNI" CHAR(9),
	"OFICI" VARCHAR2(50), 
	"DATA_ALTA" DATE, 
	"SALARI" NUMBER(10,0), 
	"COMISSIO" NUMBER(10,0), 
	"DEPARTAMENT_ID" NUMBER(2,0), 
	"DIRECTOR_ID" NUMBER(4,0)
   ) ;
--------------------------------------------------------
--  DDL for Table EMPLEAT_PROJECTE
--------------------------------------------------------

  CREATE TABLE "EMPLEAT_PROJECTE" 
   (	"PROJECTE_ID" NUMBER(4,0), 
	"EMPLEAT_ID" NUMBER(4,0), 
	"HORES" NUMBER
   ) ;
--------------------------------------------------------
--  DDL for Table FACTURA
--------------------------------------------------------

  CREATE TABLE "FACTURA" 
   (	"CODI_FACTURA" NUMBER(4,0), 
	"DATA_FACTURA" DATE, 
	"CLIENT_ID" NUMBER(4,0), 
	"DATA_ENVIAMENT" DATE
   ) ;
--------------------------------------------------------
--  DDL for Table LINIA_FACTURA
--------------------------------------------------------

  CREATE TABLE "LINIA_FACTURA" 
   (	"CODI_FACTURA" NUMBER(4,0), 
	"NUM_LINIA" NUMBER(4,0), 
	"PRODUCTE_ID" NUMBER(4,0), 
	"PREU_VENDA" NUMBER(8,0), 
	"QUANTITAT_UNITATS" NUMBER(8,0)
   ) ;
--------------------------------------------------------
--  DDL for Table PRODUCTE
--------------------------------------------------------

  CREATE TABLE "PRODUCTE" 
   (	"PRODUCTE_ID" NUMBER(4,0)  GENERATED ALWAYS AS IDENTITY, 
	"NOM" VARCHAR2(30), 
	"PREU" NUMBER(8,0), 
	"ESTOC_DISPONIBLE" NUMBER(9,0)
   ) ;
--------------------------------------------------------
--  DDL for Table PROJECTE
--------------------------------------------------------

  CREATE TABLE "PROJECTE" 
   (	"PROJECTE_ID" NUMBER(4,0)   GENERATED ALWAYS AS IDENTITY, 
	"NOM" VARCHAR2(14)
   ) ;
   
   --------------------------------------------------------
--  DDL for Table CATEGORIA_SALARIAL
--------------------------------------------------------

  CREATE TABLE "CATEGORIA_SALARIAL" 
   (	"CATEGORIA_ID" NUMBER(4,0)    GENERATED ALWAYS AS IDENTITY, 
	"INICI" NUMBER, 
	"FINAL" NUMBER, 
	"NOM" VARCHAR2(20 BYTE)
   );
   
REM INSERTING into CLIENT
SET DEFINE OFF;
ALTER TABLE CLIENT MODIFY CLIENT_ID GENERATED BY DEFAULT AS IDENTITY;
Insert into CLIENT (CLIENT_ID,CLIENT_NIF,NOM,DIRECCIO,LOCALITAT,PROVINCIA,CODI_POSTAL,TELEFON,DEBE,HABER,LIMIT_CREDIT,VENEDOR_ID) values ('1','000011111A','DISTRIBUCIONES GAMEZ','PASEO DE LA PRADERA, 27','MADRID','MADRID','28003','913467891','0','0','500000','2');
Insert into CLIENT (CLIENT_ID,CLIENT_NIF,NOM,DIRECCIO,LOCALITAT,PROVINCIA,CODI_POSTAL,TELEFON,DEBE,HABER,LIMIT_CREDIT,VENEDOR_ID) values ('2','000022222B','LOGITRONICA S.L','C/MAR NEGRO, 12','BARCELONA','BARCELONA','08007','936398765','0','0','500000','5');
Insert into CLIENT (CLIENT_ID,CLIENT_NIF,NOM,DIRECCIO,LOCALITAT,PROVINCIA,CODI_POSTAL,TELEFON,DEBE,HABER,LIMIT_CREDIT,VENEDOR_ID) values ('3','000033333C','INDUSTRIAS LACTEAS S.A.','C/ ASTURIAS, 3','LAS ROZAS','MADRID','28230','916566700','0','0','1000000','10');
Insert into CLIENT (CLIENT_ID,CLIENT_NIF,NOM,DIRECCIO,LOCALITAT,PROVINCIA,CODI_POSTAL,TELEFON,DEBE,HABER,LIMIT_CREDIT,VENEDOR_ID) values ('4','000044444D','TALLERES ESTESO S.A.','C/ LUGO, 56','SEVILLA','SEVILLA','41032','958299200','0','0','500000','5');
Insert into CLIENT (CLIENT_ID,CLIENT_NIF,NOM,DIRECCIO,LOCALITAT,PROVINCIA,CODI_POSTAL,TELEFON,DEBE,HABER,LIMIT_CREDIT,VENEDOR_ID) values ('5','000055555E','INDUSTRIAS GARCIA','C/MENORCA 60','MONTCADA','BARCELONA','08203','936542387','0','0','3000000','2');
Insert into CLIENT (CLIENT_ID,CLIENT_NIF,NOM,DIRECCIO,LOCALITAT,PROVINCIA,CODI_POSTAL,TELEFON,DEBE,HABER,LIMIT_CREDIT,VENEDOR_ID) values ('6','000066666F','COPYSTERIA ROCA','C/MAYOR, 12','POZUELO','MADRID','08080','912212219','0','0','2000000','10');
Insert into CLIENT (CLIENT_ID,CLIENT_NIF,NOM,DIRECCIO,LOCALITAT,PROVINCIA,CODI_POSTAL,TELEFON,DEBE,HABER,LIMIT_CREDIT,VENEDOR_ID) values ('7','000077777G','HERMANOS MARQUEZ S.A','C/SAGUNTO s/n','VALENCIA','VALENCIA','08102','974333219','0','0','2000000','5');
Insert into CLIENT (CLIENT_ID,CLIENT_NIF,NOM,DIRECCIO,LOCALITAT,PROVINCIA,CODI_POSTAL,TELEFON,DEBE,HABER,LIMIT_CREDIT,VENEDOR_ID) values ('8','000088888H','DATALOGIC S.A','GRAN VIA 121','BARCELONA','BARCELONA','08110','932222123','0','0','1200000','15');
Insert into CLIENT (CLIENT_ID,CLIENT_NIF,NOM,DIRECCIO,LOCALITAT,PROVINCIA,CODI_POSTAL,TELEFON,DEBE,HABER,LIMIT_CREDIT,VENEDOR_ID) values ('9','000099999I','GALLETAS OREO S.A','AVD. SOTOGRANDE','PARLA','MADRID','08089','912222212','0','0','3000000','15');
Insert into CLIENT (CLIENT_ID,CLIENT_NIF,NOM,DIRECCIO,LOCALITAT,PROVINCIA,CODI_POSTAL,TELEFON,DEBE,HABER,LIMIT_CREDIT,VENEDOR_ID) values ('10','000011111Z','INS LA FERRERIA','C/PROGRES','MONTCADA','BARCELONA','08203','936542111','0','0','3000000',null);
ALTER TABLE CLIENT MODIFY CLIENT_ID GENERATED ALWAYS AS IDENTITY (START WITH LIMIT VALUE);

REM INSERTING into DEPARTAMENT
SET DEFINE OFF;
ALTER TABLE DEPARTAMENT MODIFY DEPARTAMENT_ID GENERATED BY DEFAULT AS IDENTITY;
Insert into DEPARTAMENT (DEPARTAMENT_ID,NOM,LOCALITAT,NUM_EMPLEATS) values ('10','CONTABILIDAD','MONTCADA','0');
Insert into DEPARTAMENT (DEPARTAMENT_ID,NOM,LOCALITAT,NUM_EMPLEATS) values ('20','INVESTIGACIÓN','MADRID','0');
Insert into DEPARTAMENT (DEPARTAMENT_ID,NOM,LOCALITAT,NUM_EMPLEATS) values ('30','VENTAS','MONTCADA','0');
Insert into DEPARTAMENT (DEPARTAMENT_ID,NOM,LOCALITAT,NUM_EMPLEATS) values ('40','PRODUCCIÓN','BILBAO','0');
ALTER TABLE DEPARTAMENT MODIFY DEPARTAMENT_ID GENERATED ALWAYS AS IDENTITY (START WITH LIMIT VALUE);

REM INSERTING into EMPLEAT
SET DEFINE OFF;
ALTER TABLE EMPLEAT MODIFY EMPLEAT_ID GENERATED BY DEFAULT AS IDENTITY;
Insert into EMPLEAT (EMPLEAT_ID,NOM,COGNOM1,COGNOM2,DNI,OFICI,DATA_ALTA,SALARI,COMISSIO,DEPARTAMENT_ID,DIRECTOR_ID) values ('1','JUAN','SANCHEZ','GONZALEZ','12345678A','EMPLEADO',to_date('17/12/80','DD/MM/RR'),'625',null,'20','13');
Insert into EMPLEAT (EMPLEAT_ID,NOM,COGNOM1,COGNOM2,DNI,OFICI,DATA_ALTA,SALARI,COMISSIO,DEPARTAMENT_ID,DIRECTOR_ID) values ('2','PEDRO','ARROJOS','LOZANO','12345678B','VENDEDOR',to_date('20/02/80','DD/MM/RR'),'1250','234','30','6');
Insert into EMPLEAT (EMPLEAT_ID,NOM,COGNOM1,COGNOM2,DNI,OFICI,DATA_ALTA,SALARI,COMISSIO,DEPARTAMENT_ID,DIRECTOR_ID) values ('3','ANA','SALA','HERNANDO','12345678C','VENDEDOR',to_date('22/02/81','DD/MM/RR'),'977','391','30','6');
Insert into EMPLEAT (EMPLEAT_ID,NOM,COGNOM1,COGNOM2,DNI,OFICI,DATA_ALTA,SALARI,COMISSIO,DEPARTAMENT_ID,DIRECTOR_ID) values ('4','LUISA','JIMENEZ','FERNANDEZ','12345678D','DIRECTOR',to_date('02/04/81','DD/MM/RR'),'2324',null,'20','9');
Insert into EMPLEAT (EMPLEAT_ID,NOM,COGNOM1,COGNOM2,DNI,OFICI,DATA_ALTA,SALARI,COMISSIO,DEPARTAMENT_ID,DIRECTOR_ID) values ('5','ROSA','MARTIN',null,'12345678E','VENDEDOR',to_date('29/09/81','DD/MM/RR'),'977','1094','30','6');
Insert into EMPLEAT (EMPLEAT_ID,NOM,COGNOM1,COGNOM2,DNI,OFICI,DATA_ALTA,SALARI,COMISSIO,DEPARTAMENT_ID,DIRECTOR_ID) values ('6','LLUIS','NEGRO','SOLER','12345678F','DIRECTOR',to_date('01/05/81','DD/MM/RR'),'2227',null,'30','9');
Insert into EMPLEAT (EMPLEAT_ID,NOM,COGNOM1,COGNOM2,DNI,OFICI,DATA_ALTA,SALARI,COMISSIO,DEPARTAMENT_ID,DIRECTOR_ID) values ('7','ESTHER','CEREZO','BAYES','12345678G','DIRECTOR',to_date('09/06/81','DD/MM/RR'),'1914',null,'10','9');
Insert into EMPLEAT (EMPLEAT_ID,NOM,COGNOM1,COGNOM2,DNI,OFICI,DATA_ALTA,SALARI,COMISSIO,DEPARTAMENT_ID,DIRECTOR_ID) values ('8','ISABEL','GIL',null,'12345678H','ANALISTA',to_date('09/11/81','DD/MM/RR'),'2344',null,'20','4');
Insert into EMPLEAT (EMPLEAT_ID,NOM,COGNOM1,COGNOM2,DNI,OFICI,DATA_ALTA,SALARI,COMISSIO,DEPARTAMENT_ID,DIRECTOR_ID) values ('9','JOSE','REY','LOPEZ','12345678I','PRESIDENTE',to_date('17/11/81','DD/MM/RR'),'3907',null,'10',null);
Insert into EMPLEAT (EMPLEAT_ID,NOM,COGNOM1,COGNOM2,DNI,OFICI,DATA_ALTA,SALARI,COMISSIO,DEPARTAMENT_ID,DIRECTOR_ID) values ('10','ANTONI','TOVAR','LLORENS','12345678J','VENDEDOR',to_date('08/09/81','DD/MM/RR'),'1172','0','30','6');
Insert into EMPLEAT (EMPLEAT_ID,NOM,COGNOM1,COGNOM2,DNI,OFICI,DATA_ALTA,SALARI,COMISSIO,DEPARTAMENT_ID,DIRECTOR_ID) values ('11','CARLOS','ALONSO','GARCIA','12345678K','EMPLEADO',to_date('23/09/81','DD/MM/RR'),'859',null,'20','8');
Insert into EMPLEAT (EMPLEAT_ID,NOM,COGNOM1,COGNOM2,DNI,OFICI,DATA_ALTA,SALARI,COMISSIO,DEPARTAMENT_ID,DIRECTOR_ID) values ('12','CRISTINA','JIMENO','MINGUEZ','12345678L','EMPLEADO',to_date('03/12/81','DD/MM/RR'),'742',null,'30','6');
Insert into EMPLEAT (EMPLEAT_ID,NOM,COGNOM1,COGNOM2,DNI,OFICI,DATA_ALTA,SALARI,COMISSIO,DEPARTAMENT_ID,DIRECTOR_ID) values ('13','ISABEL','FERNANDEZ','GARCIA','12345678M','ANALISTA',to_date('03/12/81','DD/MM/RR'),'2344',null,'20','4');
Insert into EMPLEAT (EMPLEAT_ID,NOM,COGNOM1,COGNOM2,DNI,OFICI,DATA_ALTA,SALARI,COMISSIO,DEPARTAMENT_ID,DIRECTOR_ID) values ('14','JOSE','MUÑOZ','CALAMARO','12345678N','EMPLEADO',to_date('23/01/82','DD/MM/RR'),'1020',null,'10','7');
Insert into EMPLEAT (EMPLEAT_ID,NOM,COGNOM1,COGNOM2,DNI,OFICI,DATA_ALTA,SALARI,COMISSIO,DEPARTAMENT_ID,DIRECTOR_ID) values ('15','CARLOS','ARROJOS','MARTINEZ','12345678O','VENDEDOR',to_date('23/10/91','DD/MM/RR'),'1020',null,'10','7');
Insert into EMPLEAT (EMPLEAT_ID,NOM,COGNOM1,COGNOM2,DNI,OFICI,DATA_ALTA,SALARI,COMISSIO,DEPARTAMENT_ID,DIRECTOR_ID) values ('16','BALTASAR','AVILES','CERVANTES','12345678P','ANALISTA',to_date('21/02/06','DD/MM/RR'),null,null,null,null);
Insert into EMPLEAT (EMPLEAT_ID,NOM,COGNOM1,COGNOM2,DNI,OFICI,DATA_ALTA,SALARI,COMISSIO,DEPARTAMENT_ID,DIRECTOR_ID) values ('17','FATIMA','LUNA','AMAYA','12345678Q','EMPLEADO',to_date('23/01/82','DD/MM/RR'),null,null,null,null);
ALTER TABLE EMPLEAT MODIFY EMPLEAT_ID GENERATED ALWAYS AS IDENTITY(START WITH LIMIT VALUE);
REM INSERTING into EMPLEAT_PROJECTE
SET DEFINE OFF;
Insert into EMPLEAT_PROJECTE (PROJECTE_ID,EMPLEAT_ID,HORES) values ('1','8','50');
Insert into EMPLEAT_PROJECTE (PROJECTE_ID,EMPLEAT_ID,HORES) values ('2','9','100');
Insert into EMPLEAT_PROJECTE (PROJECTE_ID,EMPLEAT_ID,HORES) values ('2','8','50');
REM INSERTING into FACTURA
SET DEFINE OFF;
Insert into FACTURA (CODI_FACTURA,DATA_FACTURA,CLIENT_ID,DATA_ENVIAMENT) values ('100',to_date('06/10/99','DD/MM/RR'),'2',to_date('08/10/99','DD/MM/RR'));
Insert into FACTURA (CODI_FACTURA,DATA_FACTURA,CLIENT_ID,DATA_ENVIAMENT) values ('101',to_date('06/10/99','DD/MM/RR'),'2',to_date('09/10/99','DD/MM/RR'));
Insert into FACTURA (CODI_FACTURA,DATA_FACTURA,CLIENT_ID,DATA_ENVIAMENT) values ('102',to_date('07/10/99','DD/MM/RR'),'3',to_date('11/10/99','DD/MM/RR'));
Insert into FACTURA (CODI_FACTURA,DATA_FACTURA,CLIENT_ID,DATA_ENVIAMENT) values ('105',to_date('07/10/99','DD/MM/RR'),'3',to_date('12/10/99','DD/MM/RR'));
Insert into FACTURA (CODI_FACTURA,DATA_FACTURA,CLIENT_ID,DATA_ENVIAMENT) values ('104',to_date('15/07/00','DD/MM/RR'),'6',to_date('21/07/00','DD/MM/RR'));
Insert into FACTURA (CODI_FACTURA,DATA_FACTURA,CLIENT_ID,DATA_ENVIAMENT) values ('103',to_date('20/06/00','DD/MM/RR'),'7',null);
Insert into FACTURA (CODI_FACTURA,DATA_FACTURA,CLIENT_ID,DATA_ENVIAMENT) values ('106',to_date('21/06/00','DD/MM/RR'),'8',to_date('23/06/00','DD/MM/RR'));
Insert into FACTURA (CODI_FACTURA,DATA_FACTURA,CLIENT_ID,DATA_ENVIAMENT) values ('107',to_date('22/06/01','DD/MM/RR'),'9',to_date('26/06/01','DD/MM/RR'));
Insert into FACTURA (CODI_FACTURA,DATA_FACTURA,CLIENT_ID,DATA_ENVIAMENT) values ('108',to_date('14/08/01','DD/MM/RR'),'1',to_date('27/08/01','DD/MM/RR'));
Insert into FACTURA (CODI_FACTURA,DATA_FACTURA,CLIENT_ID,DATA_ENVIAMENT) values ('109',to_date('12/08/01','DD/MM/RR'),'2',to_date('20/08/01','DD/MM/RR'));
Insert into FACTURA (CODI_FACTURA,DATA_FACTURA,CLIENT_ID,DATA_ENVIAMENT) values ('110',to_date('15/03/01','DD/MM/RR'),'3',to_date('24/03/01','DD/MM/RR'));
Insert into FACTURA (CODI_FACTURA,DATA_FACTURA,CLIENT_ID,DATA_ENVIAMENT) values ('111',to_date('18/09/01','DD/MM/RR'),'1',null);
Insert into FACTURA (CODI_FACTURA,DATA_FACTURA,CLIENT_ID,DATA_ENVIAMENT) values ('112',to_date('19/03/01','DD/MM/RR'),'1',to_date('21/03/01','DD/MM/RR'));
Insert into FACTURA (CODI_FACTURA,DATA_FACTURA,CLIENT_ID,DATA_ENVIAMENT) values ('113',to_date('20/02/01','DD/MM/RR'),'2',to_date('23/02/01','DD/MM/RR'));
Insert into FACTURA (CODI_FACTURA,DATA_FACTURA,CLIENT_ID,DATA_ENVIAMENT) values ('114',to_date('21/06/02','DD/MM/RR'),'7',to_date('25/06/02','DD/MM/RR'));
Insert into FACTURA (CODI_FACTURA,DATA_FACTURA,CLIENT_ID,DATA_ENVIAMENT) values ('115',to_date('13/02/02','DD/MM/RR'),'8',to_date('19/02/02','DD/MM/RR'));
Insert into FACTURA (CODI_FACTURA,DATA_FACTURA,CLIENT_ID,DATA_ENVIAMENT) values ('116',to_date('14/02/02','DD/MM/RR'),'9',to_date('21/02/02','DD/MM/RR'));
Insert into FACTURA (CODI_FACTURA,DATA_FACTURA,CLIENT_ID,DATA_ENVIAMENT) values ('117',to_date('20/04/02','DD/MM/RR'),'1',to_date('25/04/02','DD/MM/RR'));
Insert into FACTURA (CODI_FACTURA,DATA_FACTURA,CLIENT_ID,DATA_ENVIAMENT) values ('118',to_date('25/08/02','DD/MM/RR'),'2',to_date('30/08/02','DD/MM/RR'));
Insert into FACTURA (CODI_FACTURA,DATA_FACTURA,CLIENT_ID,DATA_ENVIAMENT) values ('119',to_date('30/11/02','DD/MM/RR'),'3',null);
Insert into FACTURA (CODI_FACTURA,DATA_FACTURA,CLIENT_ID,DATA_ENVIAMENT) values ('120',to_date('14/11/02','DD/MM/RR'),'4',to_date('16/11/02','DD/MM/RR'));
Insert into FACTURA (CODI_FACTURA,DATA_FACTURA,CLIENT_ID,DATA_ENVIAMENT) values ('121',to_date('15/02/03','DD/MM/RR'),'5',to_date('18/02/03','DD/MM/RR'));
REM INSERTING into LINIA_FACTURA
SET DEFINE OFF;
Insert into LINIA_FACTURA (CODI_FACTURA,NUM_LINIA,PRODUCTE_ID,PREU_VENDA,QUANTITAT_UNITATS) values ('100','1','3','307','2');
Insert into LINIA_FACTURA (CODI_FACTURA,NUM_LINIA,PRODUCTE_ID,PREU_VENDA,QUANTITAT_UNITATS) values ('100','2','2','447','1');
Insert into LINIA_FACTURA (CODI_FACTURA,NUM_LINIA,PRODUCTE_ID,PREU_VENDA,QUANTITAT_UNITATS) values ('100','3','1','367','1');
Insert into LINIA_FACTURA (CODI_FACTURA,NUM_LINIA,PRODUCTE_ID,PREU_VENDA,QUANTITAT_UNITATS) values ('101','1','5','700','3');
Insert into LINIA_FACTURA (CODI_FACTURA,NUM_LINIA,PRODUCTE_ID,PREU_VENDA,QUANTITAT_UNITATS) values ('102','1','6','187','1');
Insert into LINIA_FACTURA (CODI_FACTURA,NUM_LINIA,PRODUCTE_ID,PREU_VENDA,QUANTITAT_UNITATS) values ('103','1','10','89','2');
Insert into LINIA_FACTURA (CODI_FACTURA,NUM_LINIA,PRODUCTE_ID,PREU_VENDA,QUANTITAT_UNITATS) values ('103','2','11','250','2');
Insert into LINIA_FACTURA (CODI_FACTURA,NUM_LINIA,PRODUCTE_ID,PREU_VENDA,QUANTITAT_UNITATS) values ('103','3','4','227','4');
Insert into LINIA_FACTURA (CODI_FACTURA,NUM_LINIA,PRODUCTE_ID,PREU_VENDA,QUANTITAT_UNITATS) values ('104','1','1','367','6');
Insert into LINIA_FACTURA (CODI_FACTURA,NUM_LINIA,PRODUCTE_ID,PREU_VENDA,QUANTITAT_UNITATS) values ('104','2','8','180','1');
Insert into LINIA_FACTURA (CODI_FACTURA,NUM_LINIA,PRODUCTE_ID,PREU_VENDA,QUANTITAT_UNITATS) values ('104','3','9','100','1');
Insert into LINIA_FACTURA (CODI_FACTURA,NUM_LINIA,PRODUCTE_ID,PREU_VENDA,QUANTITAT_UNITATS) values ('105','1','3','307','1');
Insert into LINIA_FACTURA (CODI_FACTURA,NUM_LINIA,PRODUCTE_ID,PREU_VENDA,QUANTITAT_UNITATS) values ('106','1','12','125','2');
Insert into LINIA_FACTURA (CODI_FACTURA,NUM_LINIA,PRODUCTE_ID,PREU_VENDA,QUANTITAT_UNITATS) values ('106','2','7','225','1');
Insert into LINIA_FACTURA (CODI_FACTURA,NUM_LINIA,PRODUCTE_ID,PREU_VENDA,QUANTITAT_UNITATS) values ('107','1','2','447','1');
Insert into LINIA_FACTURA (CODI_FACTURA,NUM_LINIA,PRODUCTE_ID,PREU_VENDA,QUANTITAT_UNITATS) values ('107','2','8','180','1');
Insert into LINIA_FACTURA (CODI_FACTURA,NUM_LINIA,PRODUCTE_ID,PREU_VENDA,QUANTITAT_UNITATS) values ('108','1','3','307','1');
Insert into LINIA_FACTURA (CODI_FACTURA,NUM_LINIA,PRODUCTE_ID,PREU_VENDA,QUANTITAT_UNITATS) values ('109','1','11','250','1');
Insert into LINIA_FACTURA (CODI_FACTURA,NUM_LINIA,PRODUCTE_ID,PREU_VENDA,QUANTITAT_UNITATS) values ('110','1','2','447','2');
Insert into LINIA_FACTURA (CODI_FACTURA,NUM_LINIA,PRODUCTE_ID,PREU_VENDA,QUANTITAT_UNITATS) values ('110','2','10','89','1');
Insert into LINIA_FACTURA (CODI_FACTURA,NUM_LINIA,PRODUCTE_ID,PREU_VENDA,QUANTITAT_UNITATS) values ('110','3','11','250','1');
Insert into LINIA_FACTURA (CODI_FACTURA,NUM_LINIA,PRODUCTE_ID,PREU_VENDA,QUANTITAT_UNITATS) values ('110','4','9','100','1');
Insert into LINIA_FACTURA (CODI_FACTURA,NUM_LINIA,PRODUCTE_ID,PREU_VENDA,QUANTITAT_UNITATS) values ('110','5','9','307','1');
Insert into LINIA_FACTURA (CODI_FACTURA,NUM_LINIA,PRODUCTE_ID,PREU_VENDA,QUANTITAT_UNITATS) values ('111','1','6','187','1');
Insert into LINIA_FACTURA (CODI_FACTURA,NUM_LINIA,PRODUCTE_ID,PREU_VENDA,QUANTITAT_UNITATS) values ('112','1','3','307','2');
Insert into LINIA_FACTURA (CODI_FACTURA,NUM_LINIA,PRODUCTE_ID,PREU_VENDA,QUANTITAT_UNITATS) values ('113','1','2','447','2');
Insert into LINIA_FACTURA (CODI_FACTURA,NUM_LINIA,PRODUCTE_ID,PREU_VENDA,QUANTITAT_UNITATS) values ('113','2','4','227','1');
Insert into LINIA_FACTURA (CODI_FACTURA,NUM_LINIA,PRODUCTE_ID,PREU_VENDA,QUANTITAT_UNITATS) values ('113','3','5','700','2');
Insert into LINIA_FACTURA (CODI_FACTURA,NUM_LINIA,PRODUCTE_ID,PREU_VENDA,QUANTITAT_UNITATS) values ('113','4','7','225','1');
Insert into LINIA_FACTURA (CODI_FACTURA,NUM_LINIA,PRODUCTE_ID,PREU_VENDA,QUANTITAT_UNITATS) values ('114','1','1','367','1');
Insert into LINIA_FACTURA (CODI_FACTURA,NUM_LINIA,PRODUCTE_ID,PREU_VENDA,QUANTITAT_UNITATS) values ('115','1','9','100','1');
Insert into LINIA_FACTURA (CODI_FACTURA,NUM_LINIA,PRODUCTE_ID,PREU_VENDA,QUANTITAT_UNITATS) values ('115','2','10','89','1');
Insert into LINIA_FACTURA (CODI_FACTURA,NUM_LINIA,PRODUCTE_ID,PREU_VENDA,QUANTITAT_UNITATS) values ('116','1','4','227','1');
Insert into LINIA_FACTURA (CODI_FACTURA,NUM_LINIA,PRODUCTE_ID,PREU_VENDA,QUANTITAT_UNITATS) values ('117','1','8','180','1');
Insert into LINIA_FACTURA (CODI_FACTURA,NUM_LINIA,PRODUCTE_ID,PREU_VENDA,QUANTITAT_UNITATS) values ('117','2','1','367','1');
Insert into LINIA_FACTURA (CODI_FACTURA,NUM_LINIA,PRODUCTE_ID,PREU_VENDA,QUANTITAT_UNITATS) values ('117','3','2','447','1');
Insert into LINIA_FACTURA (CODI_FACTURA,NUM_LINIA,PRODUCTE_ID,PREU_VENDA,QUANTITAT_UNITATS) values ('117','4','9','100','1');
Insert into LINIA_FACTURA (CODI_FACTURA,NUM_LINIA,PRODUCTE_ID,PREU_VENDA,QUANTITAT_UNITATS) values ('118','1','3','307','2');
Insert into LINIA_FACTURA (CODI_FACTURA,NUM_LINIA,PRODUCTE_ID,PREU_VENDA,QUANTITAT_UNITATS) values ('118','2','12','125','1');
Insert into LINIA_FACTURA (CODI_FACTURA,NUM_LINIA,PRODUCTE_ID,PREU_VENDA,QUANTITAT_UNITATS) values ('119','1','4','227','8');
Insert into LINIA_FACTURA (CODI_FACTURA,NUM_LINIA,PRODUCTE_ID,PREU_VENDA,QUANTITAT_UNITATS) values ('120','1','5','700','1');
Insert into LINIA_FACTURA (CODI_FACTURA,NUM_LINIA,PRODUCTE_ID,PREU_VENDA,QUANTITAT_UNITATS) values ('120','2','1','367','1');
Insert into LINIA_FACTURA (CODI_FACTURA,NUM_LINIA,PRODUCTE_ID,PREU_VENDA,QUANTITAT_UNITATS) values ('121','1','8','180','1');
REM INSERTING into PRODUCTE
SET DEFINE OFF;
ALTER TABLE PRODUCTE MODIFY PRODUCTE_ID GENERATED BY DEFAULT AS IDENTITY;
Insert into PRODUCTE (PRODUCTE_ID,NOM,PREU,ESTOC_DISPONIBLE) values ('1','MESA DESPACHO MOD. GAVIOTA','367','21');
Insert into PRODUCTE (PRODUCTE_ID,NOM,PREU,ESTOC_DISPONIBLE) values ('2','SILLA DIRECTOR MOD. BUFALO','447','21');
Insert into PRODUCTE (PRODUCTE_ID,NOM,PREU,ESTOC_DISPONIBLE) values ('3','ARMARIO NOGAL DOS PUERTAS','307','16');
Insert into PRODUCTE (PRODUCTE_ID,NOM,PREU,ESTOC_DISPONIBLE) values ('4','MESA MODELO UNION','227','11');
Insert into PRODUCTE (PRODUCTE_ID,NOM,PREU,ESTOC_DISPONIBLE) values ('5','ARCHIVADOR CEREZO','700','6');
Insert into PRODUCTE (PRODUCTE_ID,NOM,PREU,ESTOC_DISPONIBLE) values ('6','CAJA SEGURIDAD MOD B222','187','1');
Insert into PRODUCTE (PRODUCTE_ID,NOM,PREU,ESTOC_DISPONIBLE) values ('7','ESTANTERIA METALICA','225','8');
Insert into PRODUCTE (PRODUCTE_ID,NOM,PREU,ESTOC_DISPONIBLE) values ('8','ARCHIVADOR MADERA','180','7');
Insert into PRODUCTE (PRODUCTE_ID,NOM,PREU,ESTOC_DISPONIBLE) values ('9','CARRITO OFICINA','100','21');
Insert into PRODUCTE (PRODUCTE_ID,NOM,PREU,ESTOC_DISPONIBLE) values ('10','SILLA GIRATORIA','89','8');
Insert into PRODUCTE (PRODUCTE_ID,NOM,PREU,ESTOC_DISPONIBLE) values ('11','MESA DIRECTOR','250','2');
Insert into PRODUCTE (PRODUCTE_ID,NOM,PREU,ESTOC_DISPONIBLE) values ('12','SILLA EJECUTIVO','125','8');
Insert into PRODUCTE (PRODUCTE_ID,NOM,PREU,ESTOC_DISPONIBLE) values ('13','SILLA ELECTRICA','500','16');
ALTER TABLE PRODUCTE MODIFY PRODUCTE_ID GENERATED ALWAYS AS IDENTITY (START WITH LIMIT VALUE);


REM INSERTING into PROJECTE
SET DEFINE OFF;
ALTER TABLE PROJECTE MODIFY PROJECTE_ID GENERATED BY DEFAULT AS IDENTITY;
Insert into PROJECTE (PROJECTE_ID,NOM) values ('1','PROYECTO1');
Insert into PROJECTE (PROJECTE_ID,NOM) values ('2','PROYECTO2');
Insert into PROJECTE (PROJECTE_ID,NOM) values ('3','PROYECTO3');
ALTER TABLE PROJECTE MODIFY PROJECTE_ID GENERATED ALWAYS AS IDENTITY (START WITH LIMIT VALUE);

REM INSERTING into CATEGORIA_SALARIAL
SET DEFINE OFF;
ALTER TABLE CATEGORIA_SALARIAL MODIFY CATEGORIA_ID GENERATED BY DEFAULT AS IDENTITY;
Insert into CATEGORIA_SALARIAL (CATEGORIA_ID,INICI,FINAL,NOM) values ('1','0','1000','CATEGORIA1');
Insert into CATEGORIA_SALARIAL (CATEGORIA_ID,INICI,FINAL,NOM) values ('2','1000','2000','CATEGORIA2');
Insert into CATEGORIA_SALARIAL (CATEGORIA_ID,INICI,FINAL,NOM) values ('3','2000','3500','CATEGORIA3');
ALTER TABLE CATEGORIA_SALARIAL MODIFY CATEGORIA_ID  GENERATED ALWAYS AS IDENTITY(START WITH LIMIT VALUE);

--------------------------------------------------------
--  DDL for Index PK_LINEA_FACTURA
--------------------------------------------------------

  CREATE UNIQUE INDEX "PK_LINIA_FACTURA" ON "LINIA_FACTURA" ("CODI_FACTURA", "NUM_LINIA") 
  ;
--------------------------------------------------------
--  DDL for Index PK_CLIENTE
--------------------------------------------------------

  CREATE UNIQUE INDEX "PK_CLIENT" ON "CLIENT" ("CLIENT_ID") 
  ;
  --------------------------------------------------------
--  DDL for Index UQ_CLIENT_NOM
--------------------------------------------------------

  CREATE UNIQUE INDEX "UQ_CLIENT_NOM" ON "CLIENT" ("NOM") 
  ;
--------------------------------------------------------
--  DDL for Index PK_EMPLE_PROYECTO
--------------------------------------------------------

  CREATE UNIQUE INDEX "PK_EMPLEAT_PROJECTE" ON "EMPLEAT_PROJECTE" ("EMPLEAT_ID", "PROJECTE_ID") 
  ;
--------------------------------------------------------
--  DDL for Index PK_EMPLEADO
--------------------------------------------------------

  CREATE UNIQUE INDEX "PK_EMPLEAT" ON "EMPLEAT" ("EMPLEAT_ID") 
  ;
--------------------------------------------------------
--  DDL for Index PK_FACTURA
--------------------------------------------------------

  CREATE UNIQUE INDEX "PK_FACTURA" ON "FACTURA" ("CODI_FACTURA") 
  ;
  
  --------------------------------------------------------
--  DDL for Index UQ_PRODUCTE_NOM
--------------------------------------------------------

  CREATE UNIQUE INDEX "UQ_PRODUCTE_NOM" ON "PRODUCTE" ("NOM") 
  ;
--------------------------------------------------------
--  DDL for Index PK_PRODUCTO
--------------------------------------------------------

  CREATE UNIQUE INDEX "PK_PRODUCTE" ON "PRODUCTE" ("PRODUCTE_ID") 
  ;
--------------------------------------------------------
--  DDL for Index PK_PROYECTO
--------------------------------------------------------

  CREATE UNIQUE INDEX "PK_PROJECTE" ON "PROJECTE" ("PROJECTE_ID") 
  ;
  
  --------------------------------------------------------
--  DDL for Index PK_CATEGORIA_SALARIAL
--------------------------------------------------------

  CREATE UNIQUE INDEX "PK_CATEGORIA_SALARIAL" ON "CATEGORIA_SALARIAL" ("CATEGORIA_ID")
  ;
--------------------------------------------------------
--  DDL for Index UQ_NOMBRE_DEPART
--------------------------------------------------------

  CREATE UNIQUE INDEX "UQ_NOM_DEPARTAMENT" ON "DEPARTAMENT" ("NOM") 
  ;
--------------------------------------------------------
--  DDL for Index UQ_NOMBRE_PROYECTO
--------------------------------------------------------

  CREATE UNIQUE INDEX "UQ_NOM_PROJECTE" ON "PROJECTE" ("NOM") 
  ;
--------------------------------------------------------
--  DDL for Index PK_DEPART
--------------------------------------------------------

  CREATE UNIQUE INDEX "PK_DEPARTAMENT" ON "DEPARTAMENT" ("DEPARTAMENT_ID") 
  ;

--------------------------------------------------------
--  DDL for Index UQ_CATEGORIA_SALARIAL_NOM
--------------------------------------------------------

  CREATE UNIQUE INDEX "UQ_CATEGORIA_SALARIAL_NOM" ON "CATEGORIA_SALARIAL" ("NOM") 
  ;
  
--------------------------------------------------------
--  DDL for Index UQ_EMPLEAT_DNI
--------------------------------------------------------

  CREATE UNIQUE INDEX "UQ_EMPLEAT_DNI" ON "EMPLEAT" ("DNI") 
  ;
--------------------------------------------------------
--  Constraints for Table FACTURA
--------------------------------------------------------

  ALTER TABLE "FACTURA" ADD CONSTRAINT "PK_FACTURA" PRIMARY KEY ("CODI_FACTURA")
  USING INDEX  ENABLE;
--------------------------------------------------------
--  Constraints for Table DEPARTAMENT
--------------------------------------------------------

  ALTER TABLE "DEPARTAMENT" ADD CONSTRAINT "PK_DEPARTAMENT" PRIMARY KEY ("DEPARTAMENT_ID")
  USING INDEX  ENABLE;
  ALTER TABLE "DEPARTAMENT" ADD CONSTRAINT "UQ_NOM_DEPARTAMENT" UNIQUE ("NOM")
  USING INDEX  ENABLE;
--------------------------------------------------------
--  Constraints for Table LINIA_FACTURA
--------------------------------------------------------

  ALTER TABLE "LINIA_FACTURA" ADD CONSTRAINT "PK_LINIA_FACTURA" PRIMARY KEY ("CODI_FACTURA", "NUM_LINIA")
  USING INDEX  ENABLE;
--------------------------------------------------------
--  Constraints for Table EMPLEAT
--------------------------------------------------------

  ALTER TABLE "EMPLEAT" ADD CONSTRAINT "PK_EMPLEAT" PRIMARY KEY ("EMPLEAT_ID")
  USING INDEX  ENABLE;
  ALTER TABLE "EMPLEAT" ADD CONSTRAINT "UQ_EMPLEAT_DNI" UNIQUE ("DNI")
  USING INDEX  ENABLE;
--------------------------------------------------------
--  Constraints for Table EMPLEAT_PROJECTE
--------------------------------------------------------

  ALTER TABLE "EMPLEAT_PROJECTE" ADD CONSTRAINT "PK_EMPLEAT_PROJECTE" PRIMARY KEY ("EMPLEAT_ID", "PROJECTE_ID")
  USING INDEX  ENABLE;
--------------------------------------------------------
--  Constraints for Table CLIENT
--------------------------------------------------------

  ALTER TABLE "CLIENT" ADD CONSTRAINT "PK_CLIENT" PRIMARY KEY ("CLIENT_ID")
  USING INDEX  ENABLE;
  ALTER TABLE "CLIENT" ADD CONSTRAINT "UQ_CLIENT_NOM" UNIQUE ("NOM")
  USING INDEX  ENABLE;
--------------------------------------------------------
--  Constraints for Table PROJECTE
--------------------------------------------------------

  ALTER TABLE "PROJECTE" ADD CONSTRAINT "PK_PROJECTE" PRIMARY KEY ("PROJECTE_ID")
  USING INDEX  ENABLE;
  ALTER TABLE "PROJECTE" ADD CONSTRAINT "UQ_NOM_PROJECTE" UNIQUE ("NOM")
  USING INDEX  ENABLE;
--------------------------------------------------------
--  Constraints for Table PRODUCTE
--------------------------------------------------------

  ALTER TABLE "PRODUCTE" ADD CONSTRAINT "PK_PRODUCTE" PRIMARY KEY ("PRODUCTE_ID")
  USING INDEX  ENABLE;
  ALTER TABLE "PRODUCTE" ADD CONSTRAINT "UQ_PRODUCTE_NOM" UNIQUE ("NOM")
  USING INDEX  ENABLE;
--------------------------------------------------------
--  Ref Constraints for Table CLIENT
--------------------------------------------------------

  ALTER TABLE "CLIENT" ADD CONSTRAINT "FK_CLIENT_EMPLEAT" FOREIGN KEY ("VENEDOR_ID")
	  REFERENCES "EMPLEAT" ("EMPLEAT_ID") ENABLE;
--------------------------------------------------------
--  Ref Constraints for Table EMPLEAT
--------------------------------------------------------

  ALTER TABLE "EMPLEAT" ADD CONSTRAINT "FK_EMPLEAT_DEPARTAMENT" FOREIGN KEY ("DEPARTAMENT_ID")
	  REFERENCES "DEPARTAMENT" ("DEPARTAMENT_ID") ENABLE;
--------------------------------------------------------
--  Ref Constraints for Table EMPLEAT_PROJECTE
--------------------------------------------------------

  ALTER TABLE "EMPLEAT_PROJECTE" ADD CONSTRAINT "FK_EMPLEAT_PROJECTE_EMPLEAT" FOREIGN KEY ("EMPLEAT_ID")
	  REFERENCES "EMPLEAT" ("EMPLEAT_ID") ENABLE;
  ALTER TABLE "EMPLEAT_PROJECTE" ADD CONSTRAINT "FK_EMPLEAT_PROJECTE_PROJECTE" FOREIGN KEY ("PROJECTE_ID")
	  REFERENCES "PROJECTE" ("PROJECTE_ID") ENABLE;
--------------------------------------------------------
--  Ref Constraints for Table FACTURA
--------------------------------------------------------

  ALTER TABLE "FACTURA" ADD CONSTRAINT "FK_FACTURA_CLIENT" FOREIGN KEY ("CLIENT_ID")
	  REFERENCES "CLIENT" ("CLIENT_ID") ENABLE;
--------------------------------------------------------
--  Ref Constraints for Table LINIA_FACTURA
--------------------------------------------------------

  ALTER TABLE "LINIA_FACTURA" ADD CONSTRAINT "FK_LINIA_FACTURA_FACTURA" FOREIGN KEY ("CODI_FACTURA")
	  REFERENCES "FACTURA" ("CODI_FACTURA") ON DELETE CASCADE ENABLE;
  ALTER TABLE "LINIA_FACTURA" ADD CONSTRAINT "FK_LINIA_FACTURA_PRODUCTE" FOREIGN KEY ("PRODUCTE_ID")
	  REFERENCES "PRODUCTE" ("PRODUCTE_ID") ENABLE;

--------------------------------------------------------
--  Constraints for Table CATEGORIA_SALARIAL
--------------------------------------------------------
  ALTER TABLE "CATEGORIA_SALARIAL" MODIFY ("INICI" NOT NULL ENABLE);
  ALTER TABLE "CATEGORIA_SALARIAL" MODIFY ("FINAL" NOT NULL ENABLE);
  ALTER TABLE "CATEGORIA_SALARIAL" MODIFY ("NOM" NOT NULL ENABLE);
  ALTER TABLE "CATEGORIA_SALARIAL" ADD CONSTRAINT "PK_CATEGORIA_SALARIAL" PRIMARY KEY ("CATEGORIA_ID")
  USING INDEX  ENABLE;
  ALTER TABLE "CATEGORIA_SALARIAL" ADD CONSTRAINT "UQ_CATEGORIA_SALARIAL_NOM" UNIQUE ("NOM")
  USING INDEX  ENABLE;